PLAYER_NAME,Total_Shots,Total_Points,Total_xP,TEAM_NAME,Overperformance,xP_per_Shot,Overperf_per_Shot,GamesPlayed,Team
Alondes Williams,2,5,2.3061678,Detroit Pistons,2.6938321590423584,1.1530839204788208,1.3469160795211792,1,DET
Jahmir Young,5,9,5.4156685,Chicago Bulls,3.584331512451172,1.0831336975097656,0.7168663024902344,6,CHI
P.J. Tucker,4,6,3.4082062,New York Knicks,2.5917937755584717,0.8520515561103821,0.6479484438896179,3,NYK
PJ Dozier,2,3,2.0722852,Minnesota Timberwolves,0.9277148246765136,1.0361425876617432,0.4638574123382568,9,MIN
Daeqwon Plowden,24,38,28.918516,Atlanta Hawks,9.081483840942385,1.2049381732940674,0.3783951600392659,6,ATL
Skal Labissiere,4,5,3.7551627,Sacramento Kings,1.2448372840881348,0.9387906789779664,0.3112093210220337,4,SAC
Keshad Johnson,24,37,29.97205,Miami Heat,7.027950286865234,1.2488354047139485,0.2928312619527181,16,MIA
Bobi Klintman,9,12,9.560662,Detroit Pistons,2.439337730407715,1.0622958077324762,0.2710375256008572,8,DET
Patrick Baldwin Jr.,30,41,32.969765,Washington Wizards,8.030235290527344,1.098992156982422,0.2676745096842448,24,LAC
E.J. Liddell,15,19,15.413021,Chicago Bulls,3.5869789123535156,1.0275347391764322,0.2391319274902343,12,CHI
Ty Jerome,591,717,579.7498,Cleveland Cavaliers,137.25018310546875,0.980964157181948,0.2322338123611992,70,CLE
Nikola Jokić,1323,1675,1375.6941,Denver Nuggets,299.305908203125,1.0398292455002835,0.2262327348474112,70,DEN
Payton Pritchard,832,1027,856.4504,Boston Celtics,170.54962158203125,1.0293874740600586,0.2049875259399414,80,BOS
Alex Reese,49,64,54.770287,Philadelphia 76ers,9.229713439941406,1.1177609502052774,0.1883614987743144,15,PHI
Kevin Durant,1071,1261,1060.5286,Phoenix Suns,200.471435546875,0.9902227492559524,0.1871815457954015,62,PHX
Seth Curry,327,389,328.17932,Charlotte Hornets,60.8206787109375,1.0036064871225152,0.1859959593606651,68,CHA
Bol Bol,172,214,183.97372,Phoenix Suns,30.026275634765625,1.0696146765420602,0.1745713699695676,36,PHX
Luke Kennard,415,501,430.8764,Memphis Grizzlies,70.12359619140625,1.038256394719503,0.1689725209431476,65,MEM
AJ Green,391,480,414.2004,Milwaukee Bucks,65.79959106445312,1.0593360842341353,0.1682853991418238,73,MIL
N'Faly Dante,13,20,17.816282,Houston Rockets,2.183717727661133,1.3704832517183745,0.167978286743164,4,HOU
Jeff Green,111,143,124.46929,Houston Rockets,18.53070831298828,1.1213449701532587,0.1669433181350295,32,HOU
Sam Hauser,453,562,488.97073,Boston Celtics,73.02926635742188,1.0794055930299735,0.16121250851528,71,BOS
Keon Ellis,441,551,481.4301,Sacramento Kings,69.56988525390625,1.091678264730371,0.1577548418455924,80,SAC
Tyrese Haliburton,973,1131,980.0624,Indiana Pacers,150.9376220703125,1.0072583534734711,0.1551260247382451,73,IND
Aaron Nesmith,355,440,385.24323,Indiana Pacers,54.75677490234375,1.0851921833736795,0.1542444363446302,45,IND
Doug McDermott,112,138,121.07803,Sacramento Kings,16.921966552734375,1.0810538700648715,0.1510889870779855,42,SAC
Jordan McLaughlin,67,79,68.9046,San Antonio Spurs,10.09539794921875,1.0284268962803171,0.1506775813316231,46,SAS
Nicolas Batum,217,269,238.6613,LA Clippers,30.338699340820312,1.0998216620238694,0.1398096743816604,78,LAC
Brice Sensabaugh,560,659,581.24084,Utah Jazz,77.7591552734375,1.0379300798688615,0.1388556344168526,71,UTA
Larry Nance Jr.,141,187,167.4537,Atlanta Hawks,19.546295166015625,1.1876149279005983,0.1386262068511746,24,ATL
Isaac Jones,75,101,90.74055,Sacramento Kings,10.25945281982422,1.2098739624023438,0.1367927042643229,40,SAC
Tony Bradley,45,59,52.92353,Indiana Pacers,6.076469421386719,1.1760784573025174,0.1350326538085937,14,IND
Harrison Barnes,628,788,704.7188,San Antonio Spurs,83.28118896484375,1.1221637118394208,0.1326133582242734,82,SAS
Norman Powell,910,1063,943.28217,LA Clippers,119.71783447265624,1.0365738082718063,0.1315580598600618,60,LAC
Zach LaVine,1146,1376,1225.6715,Sacramento Kings,150.3284912109375,1.0695213863778903,0.1311766939013416,74,SAC
Nikola Vučević,1010,1190,1058.0112,Chicago Bulls,131.98876953125,1.0475358717512375,0.1306819500309406,73,CHI
Aaron Holiday,256,294,260.78137,Houston Rockets,33.2186279296875,1.0186772346496582,0.1297602653503418,62,HOU
Matisse Thybulle,82,100,89.54108,Portland Trail Blazers,10.45892333984375,1.0919643495141007,0.1275478456078506,15,POR
Grayson Allen,452,539,481.50537,Phoenix Suns,57.49462890625,1.0652773696764382,0.1272005064297566,64,PHX
Dru Smith,56,67,59.90988,Miami Heat,7.090118408203125,1.0698193141392298,0.1266092572893415,14,MIA
Vít Krejčí,260,318,285.556,Atlanta Hawks,32.444000244140625,1.0982923067533052,0.1247846163236177,57,ATL
Stephen Curry,1231,1410,1257.6674,Golden State Warriors,152.3326416015625,1.0216631668549452,0.1237470687258834,70,GSW
Alec Burks,222,265,237.67151,Miami Heat,27.3284912109375,1.070592381932714,0.1231013117609797,49,MIA
Jackson Rowe,16,19,17.058756,Golden State Warriors,1.941244125366211,1.0661722421646118,0.1213277578353881,6,GSW
Tyler Smith,46,58,52.443214,Milwaukee Bucks,5.556785583496094,1.14006987861965,0.1207996865977411,23,MIL
Isaiah Joe,538,635,570.4294,Oklahoma City Thunder,64.57061767578125,1.0602776623126742,0.1200197354568424,74,OKC
Kylor Kelley,21,28,25.480724,New Orleans Pelicans,2.519275665283203,1.2133678254627047,0.1199655078706287,11,NOP
Khris Middleton,317,346,308.00473,Washington Wizards,37.995269775390625,0.9716237546517644,0.1198588951905067,37,WAS
Bradley Beal,659,750,673.4839,Phoenix Suns,76.51611328125,1.02197858379173,0.1161094283478755,53,PHX
Pete Nance,30,37,33.54347,Philadelphia 76ers,3.456531524658203,1.1181156158447263,0.1152177174886067,13,MIL
Tyler Herro,1319,1486,1335.5369,Miami Heat,150.463134765625,1.012537426258055,0.114073642733605,77,MIA
Kai Jones,102,161,149.4889,LA Clippers,11.511093139648438,1.4655775182387407,0.1128538543102787,40,DAL
David Duke Jr.,12,15,13.654419,San Antonio Spurs,1.3455810546875,1.1378682454427085,0.1121317545572916,6,SAS
Brandon Clarke,371,463,421.45438,Memphis Grizzlies,41.545623779296875,1.1359956232363966,0.1119828134212853,64,MEM
Brandon Williams,175,207,187.68802,Dallas Mavericks,19.311981201171875,1.0725029645647322,0.1103541782924107,33,DAL
Dariq Whitehead,84,96,86.733116,Brooklyn Nets,9.266883850097656,1.0325370970226468,0.1103200458344959,20,BKN
Tristan Vukcevic,233,273,247.58952,Washington Wizards,25.410476684570312,1.062615979894548,0.1090578398479412,35,WAS
Shai Gilgeous-Alexander,1544,1723,1554.7626,Oklahoma City Thunder,168.2374267578125,1.006970578524733,0.1089620639623138,76,OKC
Marcus Sasser,285,318,287.63327,Detroit Pistons,30.366729736328125,1.0092395447848137,0.1065499288993969,57,DET
Domantas Sabonis,852,1050,959.66785,Sacramento Kings,90.3321533203125,1.126370712065361,0.1060236541318221,70,SAC
Kawhi Leonard,603,681,617.3509,LA Clippers,63.64910888671875,1.0237991560750932,0.1055540777557524,37,LAC
Chris Paul,564,626,566.93384,San Antonio Spurs,59.066162109375,1.0052018402316043,0.1047272377825798,82,SAS
Ivica Zubac,913,1138,1042.6569,LA Clippers,95.3431396484375,1.1420118952371987,0.1044284114440717,80,LAC
Collin Sexton,839,913,825.657,Utah Jazz,87.343017578125,0.9840965225528904,0.1041037158261323,63,UTA
Jalen Brunson,1164,1279,1159.8823,New York Knicks,119.11767578125,0.9964624778511598,0.1023347730079467,65,NYK
Caleb Houstan,176,209,191.2557,Orlando Magic,17.744293212890625,1.086680152199485,0.1008198478005149,58,ORL
Jaren Jackson Jr.,1179,1293,1175.9558,Memphis Grizzlies,117.044189453125,0.9974179902857294,0.0992741216735581,74,MEM
Malik Beasley,1034,1183,1080.9619,Detroit Pistons,102.0380859375,1.0454177118592842,0.0986828684115087,82,DET
Collin Gillespie,152,167,152.00294,Phoenix Suns,14.997055053710938,1.0000193746466386,0.0986648358796772,33,PHX
Jakob Poeltl,531,650,598.80365,Toronto Raptors,51.19635009765625,1.1276904894582744,0.0964149719353225,57,TOR
Gary Trent Jr.,627,711,650.8656,Milwaukee Bucks,60.1343994140625,1.0380631588292464,0.0959081330367822,74,MIL
Derrick White,926,1067,978.6694,Boston Celtics,88.33062744140625,1.0568783720935138,0.0953894464810002,76,BOS
Darius Garland,1124,1255,1148.0553,Cleveland Cavaliers,106.9447021484375,1.0214015105440948,0.0951465321605315,75,CLE
Zion Williamson,475,539,494.26654,New Orleans Pelicans,44.73345947265625,1.0405611379523023,0.0941757041529605,30,NOP
Pascal Siakam,1134,1295,1188.5818,Indiana Pacers,106.418212890625,1.048132087398038,0.0938432212439373,78,IND
Eric Gordon,192,221,203.25279,Philadelphia 76ers,17.747207641601562,1.0586082935333252,0.0924333731333414,39,PHI
DeMar DeRozan,1256,1291,1177.4088,Sacramento Kings,113.5911865234375,0.937427399264779,0.0904388427734375,77,SAC
Jeff Dowtin Jr.,219,240,220.2111,Philadelphia 76ers,19.788894653320312,1.0055301614003638,0.0903602495585402,41,PHI
LeBron James,1225,1394,1283.6313,Los Angeles Lakers,110.36865234375,1.0478623246173469,0.0900968590561224,70,LAL
Mikal Bridges,1082,1245,1148.1018,New York Knicks,96.898193359375,1.0610922427362524,0.0895547073561691,82,NYK
Tyus Jones,650,728,670.217,Phoenix Suns,57.78302001953125,1.031103046123798,0.0888969538762019,81,PHX
Jarrett Allen,605,854,800.39465,Cleveland Cavaliers,53.6053466796875,1.3229663691244835,0.0886038788094008,82,CLE
Quinten Post,260,306,283.48203,Golden State Warriors,22.517974853515625,1.090315481332632,0.0866075955904447,42,GSW
Ryan Rollins,248,286,264.6219,Milwaukee Bucks,21.37811279296875,1.0670237387380292,0.0862020677135836,56,MIL
Austin Reaves,1009,1121,1034.6414,Los Angeles Lakers,86.358642578125,1.025412643629212,0.0855883474510654,73,LAL
Jamal Murray,1094,1185,1093.5802,Denver Nuggets,91.4197998046875,0.9996162707452584,0.0835647164576668,67,DEN
Royce O'Neale,545,630,584.48413,Phoenix Suns,45.515869140625,1.072447946530963,0.0835153562213302,75,PHX
Desmond Bane,983,1104,1021.9342,Memphis Grizzlies,82.0657958984375,1.0396075321480798,0.083485041605735,69,ORL
Luka Dončić,1006,1076,992.9593,Los Angeles Lakers,83.04071044921875,0.987037067147894,0.082545437822285,50,LAL
Michael Porter Jr.,1013,1204,1120.6848,Denver Nuggets,83.315185546875,1.106302877051456,0.082245987706688,77,DEN
Cameron Johnson,688,790,734.2556,Brooklyn Nets,55.744384765625,1.067231998887173,0.0810238150663154,57,BKN
Max Strus,336,402,374.89594,Cleveland Cavaliers,27.10406494140625,1.11576171148391,0.0806668599446614,50,CLE
Drew Peterson,41,47,43.712234,Boston Celtics,3.2877655029296875,1.066152060904154,0.0801894025104801,25,BOS
Jamison Battle,310,363,338.37817,Toronto Raptors,24.621826171875,1.091542496219758,0.0794252457157258,59,TOR
Georges Niang,557,659,614.9935,Cleveland Cavaliers,44.0064697265625,1.1041176486058124,0.0790062293116023,79,ATL
Kyrie Irving,909,989,917.3282,Dallas Mavericks,71.67181396484375,1.009161920830755,0.078846880049333,50,DAL
Taurean Prince,434,513,479.27267,Milwaukee Bucks,33.727325439453125,1.1043149183422738,0.0777127314273113,80,MIL
Chris Duarte,26,30,28.032816,Chicago Bulls,1.967184066772461,1.078185228201059,0.0756609256450946,17,CHI
Ajay Mitchell,176,195,181.6934,Oklahoma City Thunder,13.306594848632812,1.0323488929054954,0.07560565254905,36,OKC
De'Andre Hunter,721,818,764.1116,Cleveland Cavaliers,53.888427734375,1.059794136290742,0.0747412312543342,64,CLE
John Collins,513,602,563.6641,Utah Jazz,38.33587646484375,1.0987604747274,0.0747288040250365,40,UTA
Brook Lopez,752,884,829.18024,Milwaukee Bucks,54.81976318359375,1.102633293638838,0.0728986212547789,80,MIL
Jonas Valančiūnas,610,672,628.2726,Washington Wizards,43.7274169921875,1.029955054111168,0.071684290151127,81,SAC
Craig Porter Jr.,129,149,139.80841,Cleveland Cavaliers,9.19158935546875,1.083786129027374,0.0712526306625484,51,CLE
Jarace Walker,346,401,376.40402,Indiana Pacers,24.595977783203125,1.0878728965803377,0.0710866409919165,75,IND
Shake Milton,235,254,237.3658,Los Angeles Lakers,16.634201049804688,1.0100672295752993,0.070783834254488,57,LAL
Jay Huff,288,367,346.72296,Memphis Grizzlies,20.27703857421875,1.203899171617296,0.0704063839382595,64,MEM
Karl-Anthony Towns,1157,1348,1267.457,New York Knicks,80.54296875,1.0954684799049266,0.069613628997407,72,NYK
Oscar Tshiebwe,68,80,75.29541,Utah Jazz,4.70458984375,1.1072854434742647,0.0691851447610294,14,UTA
Bones Hyland,117,126,117.93927,Minnesota Timberwolves,8.06072998046875,1.0080279488848825,0.0688951280381944,24,MIN
Harrison Ingram,4,4,3.734304,San Antonio Spurs,0.2656960487365722,0.9335759878158568,0.066424012184143,5,SAS
Tre Jones,220,251,236.4087,San Antonio Spurs,14.591293334960938,1.074585030295632,0.0663240606134588,46,CHI
Dereck Lively II,182,256,243.98007,Dallas Mavericks,12.019927978515623,1.340549846271892,0.0660435603215144,36,DAL
Aaron Gordon,463,564,533.4888,Denver Nuggets,30.51123046875,1.1522435627024838,0.0658989858936285,51,DEN
Kyle Filipowski,481,554,522.935,Utah Jazz,31.06500244140625,1.0871829471072636,0.0645842046598882,72,UTA
Duncan Robinson,622,710,670.34265,Miami Heat,39.6573486328125,1.0777213044488545,0.0637577952296021,74,MIA
Brandin Podziemski,604,646,607.83453,Golden State Warriors,38.16546630859375,1.0063485657142488,0.0631878581268108,64,GSW
Brandon Ingram,324,342,321.63876,New Orleans Pelicans,20.361236572265625,0.9927122328016492,0.0628433227539062,18,TOR
Malaki Branham,182,200,188.62987,San Antonio Spurs,11.370132446289062,1.0364278437017085,0.0624732551993904,47,SAS
Daniel Gafford,378,530,506.55215,Dallas Mavericks,23.447845458984375,1.3400850649233218,0.0620313371930803,57,DAL
Gary Payton II,275,340,322.94867,Golden State Warriors,17.05133056640625,1.174358797940341,0.0620048384232954,62,GSW
Damian Lillard,957,1047,988.81805,Milwaukee Bucks,58.18194580078125,1.0332477055373237,0.0607961816100117,58,MIL
Kristaps Porziņģis,570,653,618.45795,Boston Celtics,34.54205322265625,1.085013941714638,0.0606000933730811,42,BOS
Christian Braun,779,970,924.11346,Denver Nuggets,45.88653564453125,1.186281725745146,0.058904410326741,79,DEN
Jaden Hardy,385,420,397.4393,Dallas Mavericks,22.560699462890625,1.0323098715249597,0.0585992193841314,57,DAL
Amir Coffey,486,553,524.62897,LA Clippers,28.37103271484375,1.079483471780157,0.0583766105243698,72,LAC
Devin Booker,1364,1434,1354.4711,Phoenix Suns,79.5289306640625,0.9930139804515672,0.0583056676422745,75,PHX
T.J. McConnell,592,620,585.81213,Indiana Pacers,34.1878662109375,0.9895475232923352,0.0577497740049619,79,IND
Justin Champagnie,382,453,431.37857,Washington Wizards,21.621429443359375,1.1292632737084831,0.0566006006370664,62,WAS
Sandro Mamukelashvili,267,321,305.9701,San Antonio Spurs,15.0299072265625,1.1459554036458333,0.0562917873654026,61,SAS
Anthony Edwards,1567,1716,1628.9639,Minnesota Timberwolves,87.0361328125,1.0395429911853862,0.055543160697192,79,MIN
Moritz Wagner,239,298,284.7327,Orlando Magic,13.267303466796877,1.1913501946995946,0.0555117299865978,30,ORL
Donte DiVincenzo,555,621,590.2743,Minnesota Timberwolves,30.7257080078125,1.0635572828688062,0.0553616360501126,62,MIN
Jake LaRavia,318,363,346.1055,Sacramento Kings,16.894500732421875,1.0883820731684846,0.0531273607937794,66,SAC
Antonio Reeves,233,261,248.84575,New Orleans Pelicans,12.154251098632812,1.0680075060144514,0.052164167805291,44,NOP
Terance Mann,394,452,431.73398,LA Clippers,20.266021728515625,1.095771518455544,0.051436603371867,67,ATL
Obi Toppin,540,655,627.9924,Indiana Pacers,27.00762939453125,1.1629488344545718,0.0500141285083912,79,IND
Dorian Finney-Smith,403,473,453.43433,Los Angeles Lakers,19.565673828125,1.125147211344603,0.048550059126861,63,LAL
Buddy Hield,738,820,784.35645,Golden State Warriors,35.6435546875,1.0628136115345528,0.0482974995765582,82,GSW
Aaron Wiggins,664,765,733.0713,Oklahoma City Thunder,31.9287109375,1.1040230256965362,0.0480854080384036,76,OKC
Richaun Holmes,133,176,169.90004,Washington Wizards,6.0999603271484375,1.2774439073146735,0.0458643633620183,31,WAS
Naji Marshall,671,738,707.5385,Dallas Mavericks,30.46148681640625,1.0544538199457434,0.0453971487576844,69,DAL
Santi Aldama,627,721,693.0475,Memphis Grizzlies,27.9525146484375,1.1053388921077552,0.0445813630756578,65,MEM
Jaden Ivey,394,429,411.50177,Detroit Pistons,17.49822998046875,1.044420736090181,0.0444117512194638,30,DET
Sam Merrill,407,468,450.00793,Cleveland Cavaliers,17.9920654296875,1.1056706009098587,0.0442065489672911,71,CLE
Cade Cunningham,1392,1442,1380.6154,Detroit Pistons,61.3846435546875,0.99182137675669,0.044098163473195,70,DET
Torrey Craig,78,92,88.60542,Chicago Bulls,3.3945770263671875,1.1359669612004206,0.0435202182867588,26,BOS
Anthony Gill,84,93,89.35334,Washington Wizards,3.646659851074219,1.063730239868164,0.043412617274693,51,WAS
Corey Kispert,525,583,560.2139,Washington Wizards,22.78607177734375,1.0670741489955358,0.0434020414806547,61,WAS
Jordan Poole,1014,1091,1047.1934,Washington Wizards,43.806640625,1.0327350684171597,0.0432018152120315,68,WAS
Donovan Mitchell,1276,1347,1292.9036,Cleveland Cavaliers,54.096435546875,1.013247307565145,0.0423953256636951,71,CLE
Luguentz Dort,537,614,591.2713,Oklahoma City Thunder,22.72869873046875,1.101063875734695,0.0423253235204259,71,OKC
Landry Shamet,213,239,230.12811,New York Knicks,8.87188720703125,1.0804136750843605,0.0416520526151701,50,NYK
Davion Mitchell,437,489,471.65335,Toronto Raptors,17.346649169921875,1.0792982856523528,0.0396948493590889,74,MIA
Bismack Biyombo,109,128,123.71256,San Antonio Spurs,4.287437438964844,1.1349776381746344,0.0393342884308701,28,SAS
PJ Hall,23,28,27.103317,Denver Nuggets,0.8966827392578125,1.1784050982931389,0.0389862060546875,19,DEN
Karlo Matković,221,278,269.46487,New Orleans Pelicans,8.535125732421875,1.2192980736089507,0.0386204784272483,42,NOP
Cam Thomas,437,447,430.34866,Brooklyn Nets,16.651336669921875,0.9847795499544122,0.0381037452400958,25,BKN
CJ McCollum,965,1019,982.88336,New Orleans Pelicans,36.11663818359375,1.0185319811568976,0.0374265680659002,56,NOP
Myles Turner,785,891,862.1569,Indiana Pacers,28.84307861328125,1.098289071830215,0.0367427753035429,72,IND
Jalen Pickett,172,181,174.71399,Denver Nuggets,6.2860107421875,1.0157790073128634,0.0365465740824854,49,DEN
Nickeil Alexander-Walker,567,619,598.7473,Minnesota Timberwolves,20.252685546875,1.0559917362488975,0.0357190221285273,82,MIN
James Wiseman,4,4,3.8577132,Indiana Pacers,0.1422867774963379,0.9644283056259156,0.0355716943740844,1,IND
Jaylin Williams,207,235,227.73111,Oklahoma City Thunder,7.268890380859375,1.100150288015172,0.0351154124679196,47,OKC
Jayson Tatum,1424,1526,1476.8636,Boston Celtics,49.1363525390625,1.0371233479360515,0.0345058655470944,72,BOS
Mike Conley,438,471,455.8881,Minnesota Timberwolves,15.111907958984377,1.040840392787707,0.0345020729657177,71,MIN
Coby White,1058,1151,1114.6852,Chicago Bulls,36.3148193359375,1.0535776754858814,0.03432402583737,74,CHI
Dillon Brooks,861,930,900.8788,Houston Rockets,29.1212158203125,1.046316822508348,0.0338225503139518,75,HOU
Kenrich Williams,328,366,355.23837,Oklahoma City Thunder,10.761627197265623,1.0830438195205316,0.0328098390160537,69,OKC
Jrue Holiday,550,601,583.2191,Boston Celtics,17.7808837890625,1.0603983931107954,0.0323288796164772,62,BOS
Kelly Olynyk,254,286,277.82135,Toronto Raptors,8.17864990234375,1.0937848429041586,0.0321994090643454,44,NOP
Johnny Juzang,436,474,460.09964,Utah Jazz,13.900360107421877,1.0552744034233443,0.0318815598794079,64,UTA
Danté Exum,131,145,140.94345,Dallas Mavericks,4.056549072265625,1.075904205555224,0.0309660234524093,20,DAL
Jalen Duren,518,714,698.0916,Detroit Pistons,15.90838623046875,1.3476672080492882,0.0307111703290902,78,DET
Anfernee Simons,1087,1128,1094.7434,Portland Trail Blazers,33.256591796875,1.007123650600851,0.0305948406594986,70,POR
Naz Reid,884,975,948.0966,Minnesota Timberwolves,26.90338134765625,1.0725074871632847,0.0304336893073034,80,MIN
Neemias Queta,199,258,252.06297,Boston Celtics,5.9370269775390625,1.2666481056405072,0.0298343064197942,62,BOS
Nikola Jović,348,386,375.89868,Miami Heat,10.101318359375,1.0801686254040948,0.0290267768947557,46,MIA
Paul George,545,561,545.2626,Philadelphia 76ers,15.7374267578125,1.0004817857654815,0.0288760123996559,41,PHI
Bogdan Bogdanović,474,500,486.35138,LA Clippers,13.64862060546875,1.02605776243572,0.0287945582393855,54,LAC
Immanuel Quickley,418,434,422.0052,Toronto Raptors,11.99481201171875,1.009581789445649,0.0286957225160735,33,TOR
Al Horford,444,496,483.47464,Boston Celtics,12.525360107421877,1.0889068466049057,0.0282102705122114,60,BOS
De'Aaron Fox,1130,1158,1126.8508,San Antonio Spurs,31.149169921875,0.9972131239629424,0.0275656370990044,62,SAS
Jared McCain,269,292,284.7428,Philadelphia 76ers,7.2572021484375,1.058523412087593,0.0269784466484665,23,PHI
Jock Landale,146,167,163.29192,Houston Rockets,3.708084106445313,1.1184377800928402,0.0253978363455158,42,HOU
Jordan Goodwin,141,149,145.42592,Los Angeles Lakers,3.5740814208984375,1.0313894934688057,0.0253480951836768,29,LAL
Jalen Williams,1121,1198,1169.7972,Oklahoma City Thunder,28.2027587890625,1.0435300992069023,0.025158571622714,69,OKC
Victor Wembanyama,826,920,900.96,San Antonio Spurs,19.03997802734375,1.0907506319281552,0.0230508208563483,46,SAS
Josh Hart,725,842,825.4675,New York Knicks,16.532470703125,1.1385759024784483,0.0228034078663793,77,NYK
Guerschon Yabusele,534,630,617.92633,Philadelphia 76ers,12.07366943359375,1.1571654130457043,0.0226098678531718,70,PHI
Klay Thompson,825,878,860.0498,Dallas Mavericks,17.9501953125,1.0424846117424242,0.0217578125,72,DAL
James Harden,1272,1273,1246.2443,LA Clippers,26.7557373046875,0.9797517788485162,0.0210343846734964,79,LAC
Scotty Pippen Jr.,574,628,616.5489,Memphis Grizzlies,11.45111083984375,1.0741269845995751,0.0199496704526894,79,MEM
Moses Brown,42,54,53.171906,Indiana Pacers,0.828094482421875,1.2659977504185267,0.0197165352957589,13,DAL
Rui Hachimura,544,634,623.537,Los Angeles Lakers,10.4630126953125,1.1462076972512638,0.0192334792193244,59,LAL
Quentin Grimes,776,856,842.0461,Philadelphia 76ers,13.95391845703125,1.0851109298234134,0.0179818536817413,75,PHI
Monté Morris,188,189,185.69415,Phoenix Suns,3.30584716796875,0.987734855489528,0.0175842934466422,45,PHX
Cam Spencer,80,85,83.82621,Memphis Grizzlies,1.1737899780273438,1.047827625274658,0.0146723747253417,25,MEM
Walker Kessler,400,531,525.4596,Utah Jazz,5.5404052734375,1.3136489868164063,0.0138510131835937,58,UTA
Devin Vassell,851,903,891.82513,San Antonio Spurs,11.17486572265625,1.047973130760686,0.0131314520830273,64,SAS
Drew Eubanks,190,227,224.55008,Utah Jazz,2.449920654296875,1.1818425228721217,0.0128943192331414,61,LAC
Oso Ighodaro,176,206,203.82901,Phoenix Suns,2.170989990234375,1.1581193750554866,0.0123351703990589,61,PHX
Markelle Fultz,64,60,59.231438,Sacramento Kings,0.7685623168945312,0.925491213798523,0.012008786201477,21,SAC
Dalton Knecht,512,576,570.1792,Los Angeles Lakers,5.82080078125,1.113631248474121,0.0113687515258789,78,LAL
Nate Williams,60,60,59.31861,Houston Rockets,0.6813888549804688,0.9886435190836588,0.0113564809163411,20,HOU
Kevin Knox II,36,40,39.60868,Golden State Warriors,0.3913192749023437,1.1002411312527127,0.0108699798583984,14,GSW
Justin Edwards,362,399,395.0985,Philadelphia 76ers,3.9014892578125,1.0914323501165402,0.0107775946348411,44,PHI
Kentavious Caldwell-Pope,504,544,539.1436,Orlando Magic,4.85638427734375,1.0697293962751115,0.0096356830899677,77,MEM
Jaylen Brown,1079,1103,1092.702,Boston Celtics,10.2979736328125,1.012698819617412,0.0095439978061283,63,BOS
Cole Anthony,530,533,528.2938,Orlando Magic,4.7061767578125,0.9967807985701652,0.0088795787883254,67,MEM
Deni Avdija,811,890,882.98804,Portland Trail Blazers,7.011962890625,1.088764534043619,0.0086460701487361,72,POR
Tobias Harris,755,801,795.0557,Detroit Pistons,5.94427490234375,1.053053940526697,0.0078732117911837,73,DET
Jordan Clarkson,479,468,464.5857,Utah Jazz,3.414306640625,0.9699075017941023,0.0071279888113256,37,UTA
Malik Monk,910,934,929.096,Sacramento Kings,4.90399169921875,1.020984624506353,0.0053890018672733,65,SAC
Jared Butler,422,432,430.46597,Washington Wizards,1.534027099609375,1.0200615471573238,0.0036351353071312,60,PHI
Isaiah Stewart,305,350,348.96033,Detroit Pistons,1.0396728515625,1.1441322201588116,0.0034087634477459,72,DET
Lonnie Walker IV,197,209,208.3759,Philadelphia 76ers,0.6240997314453125,1.0577456866424095,0.0031680189413467,20,PHI
Isaiah Hartenstein,458,524,522.82385,Oklahoma City Thunder,1.1761474609375,1.1415367959368177,0.002568007556632,57,OKC
Julius Randle,897,963,960.7147,Minnesota Timberwolves,2.2852783203125,1.0710309048825948,0.0025476904351309,69,MIN
Ariel Hukporti,26,32,31.934597,New York Knicks,0.0654029846191406,1.2282537313608022,0.0025154994084284,25,NYK
Deandre Ayton,445,498,496.95953,Portland Trail Blazers,1.04046630859375,1.1167629970593398,0.0023381265361657,40,POR
Kyle Anderson,279,281,280.68262,Miami Heat,0.3173828125,1.0060308859767024,0.0011375728046594,61,MIA
Andrew Nembhard,515,516,515.67444,Indiana Pacers,0.3255615234375,1.001309589274879,0.0006321582979368,65,IND
Giannis Antetokounmpo,1263,1516,1515.4946,Milwaukee Bucks,0.50537109375,1.1999165707887964,0.000400135466152,67,MIL
Grant Williams,116,125,125.0258,Charlotte Hornets,-0.0258026123046875,1.077808643209523,-0.0002224363129714,16,CHA
David Roddy,120,125,125.13058,Philadelphia 76ers,-0.1305770874023437,1.0427548090616865,-0.0010881423950195,33,HOU
Trae Young,1331,1300,1302.9203,Atlanta Hawks,-2.9202880859375,0.9789032968339124,-0.0021940556618613,76,ATL
Bobby Portis,562,581,582.3965,Milwaukee Bucks,-1.396484375,1.0362926768238434,-0.0024848476423487,49,MIL
Adem Bona,175,244,244.47314,Philadelphia 76ers,-0.47314453125,1.3969893973214285,-0.0027036830357142,58,PHI
Moses Moody,543,587,588.7803,Golden State Warriors,-1.7802734375,1.0843098958333333,-0.0032785882826887,74,GSW
Luke Kornet,271,360,361.70016,Boston Celtics,-1.700164794921875,1.334686954962811,-0.00627367082997,73,BOS
Trendon Watford,334,344,346.28473,Brooklyn Nets,-2.28472900390625,1.0367806257601984,-0.0068405059997193,44,BKN
Trey Murphy III,804,871,876.70074,New Orleans Pelicans,-5.70074462890625,1.0904238117274954,-0.007090478394162,53,NOP
Keegan Murray,776,844,849.66125,Sacramento Kings,-5.6612548828125,1.0949242975293976,-0.0072954315500161,76,SAC
Gabe Vincent,380,398,400.95245,Los Angeles Lakers,-2.95245361328125,1.0551380358244244,-0.0077696147717927,72,LAL
Max Christie,547,579,583.32855,Los Angeles Lakers,-4.32855224609375,1.0664141722963325,-0.0079132582195498,78,DAL
Julian Strawther,471,490,493.74133,Denver Nuggets,-3.7413330078125,1.048283084942277,-0.0079433821821921,65,DEN
Marcus Garrett,26,25,25.24284,Charlotte Hornets,-0.2428398132324218,0.9708784543550932,-0.0093399928166316,4,CHA
Colby Jones,123,124,125.270905,Washington Wizards,-1.270904541015625,1.0184626385448423,-0.0103325572440294,39,WAS
Tre Mann,155,155,156.76128,Charlotte Hornets,-1.7612762451171875,1.0113630725491431,-0.0113630725491431,13,CHA
Ja Morant,862,872,881.82715,Memphis Grizzlies,-9.8271484375,1.0230013322940836,-0.0114004042198375,50,MEM
Chuma Okeke,37,45,45.42847,Philadelphia 76ers,-0.4284706115722656,1.2277965030154667,-0.0115802867992504,9,CLE
Dyson Daniels,889,950,961.01917,Atlanta Hawks,-11.0191650390625,1.0810114342396653,-0.0123950112925337,76,ATL
Jabari Walker,206,235,237.57686,Portland Trail Blazers,-2.5768585205078125,1.153285720973339,-0.0125090219442126,60,POR
Marcus Smart,240,239,242.09212,Washington Wizards,-3.0921173095703125,1.008717155456543,-0.0128838221232096,34,WAS
Haywood Highsmith,345,389,393.49426,Miami Heat,-4.4942626953125,1.140563080276268,-0.0130268483922101,74,MIA
P.J. Washington,628,658,666.28546,Dallas Mavericks,-8.28546142578125,1.0609641105506071,-0.0131934099136644,57,DAL
LaMelo Ball,971,962,975.32654,Charlotte Hornets,-13.3265380859375,1.004455754980368,-0.0137245500370108,47,CHA
Andrew Wiggins,817,850,861.4101,Miami Heat,-11.41009521484375,1.0543575216827954,-0.0139658448162102,60,MIA
Josh Giddey,753,798,809.00574,Chicago Bulls,-11.0057373046875,1.0743768091695718,-0.0146158529942729,70,CHI
Cason Wallace,432,479,485.4156,Oklahoma City Thunder,-6.41558837890625,1.1236471953215423,-0.0148508990252459,68,OKC
Kevin Huerter,568,601,609.4496,Sacramento Kings,-8.4495849609375,1.0729746214101012,-0.0148760298608054,69,CHI
Mason Jones,17,17,17.258268,Sacramento Kings,-0.2582683563232422,1.0151922562543083,-0.0151922562543083,10,SAC
Amen Thompson,663,755,765.1759,Houston Rockets,-10.1759033203125,1.15411146805477,-0.0153482704680429,69,HOU
Anthony Davis,882,929,942.6238,Los Angeles Lakers,-13.623779296875,1.0687344436472506,-0.0154464617878401,51,DAL
John Konchar,83,91,92.44007,Memphis Grizzlies,-1.4400711059570312,1.1137357964573136,-0.0173502542886389,46,MEM
Chet Holmgren,320,353,358.73892,Oklahoma City Thunder,-5.738922119140625,1.1210591316223144,-0.0179341316223144,32,OKC
Franz Wagner,1128,1138,1158.5823,Orlando Magic,-20.582275390625,1.0271119462682845,-0.0182466980413342,60,ORL
Kris Dunn,414,436,444.4005,LA Clippers,-8.4005126953125,1.073431190085296,-0.0202910934669384,74,LAC
Dwight Powell,60,83,84.23752,Dallas Mavericks,-1.237518310546875,1.4039586385091145,-0.0206253051757812,55,DAL
Evan Mobley,865,1031,1049.0444,Cleveland Cavaliers,-18.04443359375,1.2127681313222545,-0.0208606168713872,71,CLE
Onyeka Okongwu,643,766,779.71185,Atlanta Hawks,-13.71185302734375,1.2126156345681862,-0.0213248103069109,74,ATL
Svi Mykhailiuk,283,287,293.23163,Utah Jazz,-6.23162841796875,1.036154164021091,-0.0220198884027164,38,UTA
Paolo Banchero,877,876,895.4113,Orlando Magic,-19.41131591796875,1.020993518720603,-0.022133769575791,46,ORL
Tim Hardaway Jr.,644,673,687.63916,Detroit Pistons,-14.63916015625,1.0677626710500776,-0.0227316151494565,77,DET
Thomas Bryant,308,355,362.38196,Miami Heat,-7.3819580078125,1.176564798726664,-0.0239673961292613,66,IND
Kevin Porter Jr.,632,619,634.383,Milwaukee Bucks,-15.38299560546875,1.003770562666881,-0.0243401829200454,75,MIL
Brandon Miller,480,488,499.8142,Charlotte Hornets,-11.814208984375,1.0412796020507813,-0.0246129353841145,27,CHA
Jaylen Wells,632,667,683.04736,Memphis Grizzlies,-16.04736328125,1.0807711444323576,-0.0253913975969145,79,MEM
Tyrese Martin,428,441,452.14395,Brooklyn Nets,-11.143951416015623,1.0564111014392887,-0.0260372696635879,60,BKN
Keldon Johnson,727,789,808.0481,San Antonio Spurs,-19.048095703125,1.111482937693432,-0.0262009569506533,77,SAS
Miles McBride,519,532,545.62585,New York Knicks,-13.6258544921875,1.0513022244550818,-0.0262540548982418,64,NYK
Alperen Sengun,1102,1113,1143.2892,Houston Rockets,-30.2891845703125,1.037467499610084,-0.0274856484304106,76,HOU
Toumani Camara,663,736,754.392,Portland Trail Blazers,-18.39202880859375,1.1378461972980298,-0.0277406166042138,78,POR
Killian Hayes,41,41,42.153072,Brooklyn Nets,-1.1530723571777344,1.028123716028725,-0.0281237160287252,6,BKN
Julian Champagnie,613,671,688.2676,San Antonio Spurs,-17.267578125,1.1227856086867862,-0.0281689692088091,82,SAS
Cameron Payne,427,427,439.17136,New York Knicks,-12.171356201171877,1.028504347075344,-0.0285043470753439,72,NYK
Jae'Sean Tate,144,151,155.16518,Houston Rockets,-4.1651763916015625,1.0775359471638997,-0.0289248360527886,52,HOU
Tyrese Maxey,1051,1072,1102.5201,Philadelphia 76ers,-30.5201416015625,1.0490201157008203,-0.029039145196539,52,PHI
Garrison Mathews,237,250,257.0641,Atlanta Hawks,-7.0640869140625,1.0846585945741034,-0.0298062738989978,47,ATL
Jaden McDaniels,795,854,877.82336,Minnesota Timberwolves,-23.8233642578125,1.104180332399764,-0.0299664959217767,82,MIN
Zach Collins,292,329,337.8813,San Antonio Spurs,-8.88128662109375,1.1571276939078554,-0.030415365140732,64,CHI
Derrick Jones Jr.,555,646,662.9842,LA Clippers,-16.98419189453125,1.194566111521678,-0.0306021475577139,77,LAC
Jimmy Butler III,549,574,590.9528,Miami Heat,-16.95281982421875,1.076416793851036,-0.0308794532317281,55,GSW
Patty Mills,95,95,98.029976,Utah Jazz,-3.0299758911132812,1.0318944830643504,-0.0318944830643503,29,LAC
Bub Carrington,715,704,727.0033,Washington Wizards,-23.0032958984375,1.0167878264313812,-0.0321724418159965,82,WAS
Gui Santos,170,184,189.5013,Golden State Warriors,-5.5012969970703125,1.1147135117474725,-0.0323605705710018,56,GSW
De'Anthony Melton,52,54,55.684628,Golden State Warriors,-1.6846275329589844,1.0708582217876728,-0.0323966833261343,6,BKN
Jalen Green,1400,1407,1452.389,Houston Rockets,-45.3890380859375,1.0374207414899554,-0.0324207414899553,82,HOU
Ben Sheppard,264,287,295.6443,Indiana Pacers,-8.644287109375,1.1198647238991477,-0.0327435117779356,63,IND
Bam Adebayo,1047,1066,1100.7887,Miami Heat,-34.7886962890625,1.0513741129790473,-0.033227026064052,78,MIA
Goga Bitadze,325,395,405.8403,Orlando Magic,-10.840301513671877,1.2487393892728365,-0.0333547738882211,70,ORL
Dean Wade,257,287,295.77628,Cleveland Cavaliers,-8.776275634765625,1.1508804499407224,-0.0341489324309946,59,CLE
Jaxson Hayes,214,304,311.4279,Los Angeles Lakers,-7.427886962890625,1.4552704998265915,-0.0347097521630403,56,LAL
Jamaree Bouyea,12,13,13.425009,Milwaukee Bucks,-0.4250087738037109,1.118750731150309,-0.0354173978169759,5,MIL
Dennis Schröder,794,762,790.5526,Golden State Warriors,-28.5526123046875,0.9956582018950724,-0.0359604688975913,75,DET
Fred VanVleet,742,720,746.8634,Houston Rockets,-26.8634033203125,1.0065544519141678,-0.0362040476014993,60,HOU
Cory Joseph,144,145,150.42798,Orlando Magic,-5.427978515625,1.0446387396918402,-0.0376942952473958,50,ORL
Shaedon Sharpe,1046,1066,1105.5265,Portland Trail Blazers,-39.5264892578125,1.0569086895390176,-0.0377882306480043,72,POR
Pat Connaughton,167,181,187.65578,Milwaukee Bucks,-6.6557769775390625,1.1236872872906531,-0.0398549519613117,41,MIL
Kessler Edwards,120,130,134.80943,Dallas Mavericks,-4.8094329833984375,1.1234119415283204,-0.0400786081949869,40,DAL
Terrence Shannon Jr.,105,114,118.21315,Minnesota Timberwolves,-4.2131500244140625,1.125839524042039,-0.0401252383277529,32,MIN
Maxwell Lewis,94,93,96.77385,Los Angeles Lakers,-3.773849487304687,1.029509037098986,-0.0401473349713264,28,BKN
Jabari Smith Jr.,538,560,581.734,Houston Rockets,-21.7340087890625,1.0812899791618262,-0.040397785853276,57,HOU
Keyonte George,894,855,891.1922,Utah Jazz,-36.19219970703125,0.9968592837886256,-0.040483444862451,67,UTA
Ayo Dosunmu,410,461,477.72455,Chicago Bulls,-16.72454833984375,1.165181825219131,-0.040791581316692,46,CHI
Kyle Lowry,112,109,113.572365,Philadelphia 76ers,-4.572364807128906,1.0140389714922224,-0.0408246857779366,35,PHI
Josh Green,371,402,417.14746,Charlotte Hornets,-15.1474609375,1.1243866871630728,-0.0408287356805929,68,CHA
MarJon Beauchamp,60,60,62.450474,New York Knicks,-2.45047378540039,1.0408412297566731,-0.0408412297566731,35,NYK
Nick Smith Jr.,551,529,552.3308,Charlotte Hornets,-23.330810546875,1.0024152641504085,-0.0423426688691016,60,CHA
Lamar Stevens,62,66,68.63313,Memphis Grizzlies,-2.6331329345703125,1.1069860150737147,-0.0424698860414566,17,MEM
Gary Harris,126,132,137.37267,Orlando Magic,-5.3726654052734375,1.090259249248202,-0.0426402016291542,48,ORL
Caris LeVert,551,600,623.66626,Cleveland Cavaliers,-23.666259765625,1.1318806892298094,-0.0429514696290834,64,ATL
Isaiah Crawford,11,11,11.475806,Sacramento Kings,-0.4758062362670898,1.0432551123879172,-0.0432551123879172,15,SAC
Zach Edey,415,491,509.36374,Memphis Grizzlies,-18.363739013671875,1.2273825036474022,-0.0442499735269201,66,MEM
Luka Garza,99,106,110.39326,Minnesota Timberwolves,-4.393257141113281,1.1150834054657908,-0.04437633475872,39,MIN
Spencer Dinwiddie,659,642,672.392,Dallas Mavericks,-30.39202880859375,1.020321743260385,-0.0461184048688827,79,DAL
Lauri Markkanen,670,702,732.9225,Utah Jazz,-30.9224853515625,1.0939141572411382,-0.0461529632112873,47,UTA
Joel Embiid,309,295,309.4157,Philadelphia 76ers,-14.41571044921875,1.0013453412596076,-0.0466527846253033,19,PHI
Jaime Jaquez Jr.,417,419,438.5812,Miami Heat,-19.581207275390625,1.0517534946652054,-0.0469573315956609,66,MIA
Jaylen Sims,26,25,26.232449,Charlotte Hornets,-1.2324485778808594,1.0089403299184947,-0.047401868380033,6,CHA
Chris Boucher,332,371,386.93036,Toronto Raptors,-15.93035888671875,1.1654528882130082,-0.0479830086949359,50,TOR
Jusuf Nurkić,348,362,379.2139,Phoenix Suns,-17.213897705078125,1.0896951083479256,-0.0494652232904543,51,CHA
Nick Richards,326,380,396.4739,Phoenix Suns,-16.473907470703125,1.2161776302782303,-0.0505334584990893,57,PHX
Keaton Wallace,153,145,152.80244,Atlanta Hawks,-7.8024444580078125,0.9987087873072406,-0.050996369006587,31,ATL
Oshae Brissett,39,44,46.056984,Philadelphia 76ers,-2.0569839477539062,1.1809483063526642,-0.052743178147536,6,PHI
Steven Adams,163,180,188.88718,Houston Rockets,-8.887176513671875,1.1588170338262078,-0.0545225552986004,58,HOU
D'Angelo Russell,621,590,623.89636,Los Angeles Lakers,-33.8963623046875,1.0046640294761473,-0.0545835141782407,58,BKN
Tosan Evbuomwan,207,203,214.3311,Brooklyn Nets,-11.331100463867188,1.0354159442698898,-0.0547396157674743,28,BKN
Mason Plumlee,194,240,250.63779,Phoenix Suns,-10.637786865234377,1.291947354975435,-0.0548339529135792,74,PHX
Rob Dillingham,205,202,213.31604,Minnesota Timberwolves,-11.3160400390625,1.0405660489710369,-0.0552001953125,49,MIN
Duop Reath,159,167,175.80106,Portland Trail Blazers,-8.801055908203125,1.1056670182905857,-0.0553525528817806,46,POR
Bennedict Mathurin,821,831,877.05304,Indiana Pacers,-46.05303955078125,1.068274104203144,-0.0560938362372487,72,IND
Jose Alvarado,481,466,493.373,New Orleans Pelicans,-27.37298583984375,1.0257234632844985,-0.0569084944695296,56,NOP
Mark Williams,434,516,540.8772,Charlotte Hornets,-24.877197265625,1.2462608231926844,-0.0573207310267857,44,CHA
Josh Minott,80,95,99.7501,Minnesota Timberwolves,-4.750099182128906,1.246876239776611,-0.0593762397766113,46,MIN
Ronald Holland II,381,399,421.99835,Detroit Pistons,-22.99835205078125,1.107607223230397,-0.060363128742208,81,DET
Jaylen Clark,109,116,122.604164,Minnesota Timberwolves,-6.604164123535156,1.124808845170047,-0.0605886616838087,40,MIN
Simone Fontecchio,342,345,365.82703,Detroit Pistons,-20.8270263671875,1.0696696677403144,-0.0608977379157529,75,DET
Jalen Suggs,456,439,467.0242,Orlando Magic,-28.024200439453125,1.0241758781566954,-0.0614565799110814,35,ORL
Jalen Johnson,506,542,573.1436,Atlanta Hawks,-31.14361572265625,1.1326948927325222,-0.0615486476732336,36,ATL
Jalen Smith,386,424,447.8365,Chicago Bulls,-23.83648681640625,1.1601981523741094,-0.0617525565191871,64,CHI
Yuki Kawamura,30,29,30.867321,Memphis Grizzlies,-1.8673210144042969,1.0289107004801432,-0.0622440338134765,22,MEM
Jevon Carter,138,136,144.603,Chicago Bulls,-8.602996826171875,1.047847803088202,-0.0623405567113903,36,CHI
Jalen Hood-Schifino,97,88,94.08358,Philadelphia 76ers,-6.083580017089844,0.9699338146091736,-0.0627173197638128,15,PHI
Jonathan Kuminga,547,547,581.94995,Golden State Warriors,-34.949951171875,1.063893877827925,-0.063893877827925,47,GSW
Dominick Barlow,104,120,126.67286,Atlanta Hawks,-6.672859191894531,1.2180082614605243,-0.0641621076143705,35,ATL
Ben Simmons,212,216,229.69466,LA Clippers,-13.694656372070312,1.0834653602456146,-0.0645974357173128,51,LAC
Emoni Bates,38,37,39.460888,Cleveland Cavaliers,-2.460887908935547,1.0384444186561983,-0.0647602081298828,10,CLE
Caleb Martin,284,279,297.52405,Philadelphia 76ers,-18.5240478515625,1.0476198868012765,-0.0652255206040933,45,DAL
Branden Carlson,84,90,95.53299,Oklahoma City Thunder,-5.532989501953125,1.1372974940708704,-0.0658689226422991,32,OKC
Isaiah Wong,102,93,99.83964,Charlotte Hornets,-6.839637756347656,0.9788199780034084,-0.0670552721210554,20,CHA
Lonzo Ball,223,225,240.07204,Chicago Bulls,-15.072036743164062,1.076556218579211,-0.0675876087137401,35,CHI
Cam Whitmore,393,410,436.63477,Houston Rockets,-26.634765625,1.1110299379770991,-0.0677729405216285,51,HOU
Jaylen Martin,71,69,73.81884,Washington Wizards,-4.818840026855469,1.039701972209232,-0.067870986293739,16,WAS
Ochai Agbaji,459,512,543.1583,Toronto Raptors,-31.1583251953125,1.1833514710137527,-0.067883061427696,64,TOR
Reggie Jackson,126,121,129.5689,Philadelphia 76ers,-8.568893432617188,1.0283245510525174,-0.068007090735057,31,PHI
Jalen Wilson,587,586,626.41345,Brooklyn Nets,-40.4134521484375,1.0671438707809835,-0.0688474482937606,79,BKN
Paul Reed,136,146,155.67537,Detroit Pistons,-9.675369262695312,1.144671832813936,-0.0711424210492302,45,DET
Miles Bridges,1045,1027,1101.831,Charlotte Hornets,-74.8310546875,1.0543837843899522,-0.0716086647727272,64,CHA
Andre Jackson Jr.,183,206,219.50592,Milwaukee Bucks,-13.50592041015625,1.1994859038806351,-0.0738028437713456,67,MIL
Scoot Henderson,647,626,674.2944,Portland Trail Blazers,-48.29437255859375,1.0421860472312114,-0.0746435433672237,66,POR
Nic Claxton,546,614,654.8246,Brooklyn Nets,-40.8245849609375,1.1993124266683837,-0.0747703021262591,70,BKN
Ryan Dunn,446,461,494.81134,Phoenix Suns,-33.81134033203125,1.1094424671121776,-0.0758101801166619,74,PHX
Tari Eason,534,573,613.5025,Houston Rockets,-40.50250244140625,1.148881090714244,-0.0758473828490753,57,HOU
Ziaire Williams,463,494,530.07904,Brooklyn Nets,-36.07904052734375,1.1448791372080858,-0.0779244935795761,63,BKN
OG Anunoby,954,1053,1128.0359,New York Knicks,-75.035888671875,1.182427556259827,-0.0786539713541666,74,NYK
Kyle Kuzma,790,771,834.53424,Washington Wizards,-63.53424072265625,1.0563724566109574,-0.0804230895223496,65,MIL
Daniel Theis,121,125,134.75201,New Orleans Pelicans,-9.75201416015625,1.113653009588068,-0.0805951583483987,38,NOP
Kevon Looney,267,275,296.52234,Golden State Warriors,-21.5223388671875,1.110570557555009,-0.0806080107385299,76,GSW
Lindy Waters III,234,231,250.20436,Golden State Warriors,-19.204360961914062,1.0692494058201456,-0.0820699186406583,52,DET
Alex Caruso,283,300,323.23846,Oklahoma City Thunder,-23.23846435546875,1.142185386415084,-0.082114715036992,54,OKC
RJ Barrett,913,927,1002.03687,Toronto Raptors,-75.036865234375,1.097521210552437,-0.0821871470256024,58,TOR
Kel'el Ware,430,503,538.5001,Miami Heat,-35.5001220703125,1.2523258652797966,-0.0825584234193314,64,MIA
JT Thor,54,54,58.49505,Washington Wizards,-4.495048522949219,1.0832416393138744,-0.0832416393138744,20,WAS
Brandon Boston,363,355,385.2175,New Orleans Pelicans,-30.217498779296875,1.061205230796961,-0.083243798290074,42,NOP
Patrick Williams,483,477,517.7472,Chicago Bulls,-40.7471923828125,1.0719403569002328,-0.0843627171486801,63,CHI
Zaccharie Risacher,712,758,818.22174,Atlanta Hawks,-60.22174072265625,1.1491878380936182,-0.0845810965205846,75,ATL
Zeke Nnaji,133,147,158.36824,Denver Nuggets,-11.368240356445312,1.1907386492965812,-0.0854754914018444,57,DEN
Jaylon Tyson,133,134,145.38083,Cleveland Cavaliers,-11.380828857421877,1.0930889387776082,-0.0855701417851268,47,CLE
Kelly Oubre Jr.,707,734,794.80975,Philadelphia 76ers,-60.80975341796875,1.1242004998839727,-0.0860109666449345,60,PHI
Keion Brooks Jr.,104,109,118.11305,New Orleans Pelicans,-9.113052368164062,1.1357024266169622,-0.087625503540039,14,NOP
Draymond Green,485,483,525.6118,Golden State Warriors,-42.61181640625,1.0837357039304123,-0.0878594152706185,68,GSW
Tolu Smith,8,10,10.70731,Detroit Pistons,-0.7073097229003906,1.3384137153625488,-0.0884137153625488,1,DET
Jamal Shead,482,456,498.83917,Toronto Raptors,-42.83917236328125,1.0349360422474714,-0.0888779509611644,75,TOR
Jazian Gortman,21,19,20.871609,Dallas Mavericks,-1.8716087341308592,0.9938861301967076,-0.0891242254348028,16,DAL
Trey Lyles,354,363,394.75595,Sacramento Kings,-31.755950927734375,1.1151298048806055,-0.0897060760670462,69,SAC
Robert Williams III,73,93,99.57817,Portland Trail Blazers,-6.5781707763671875,1.3640845311831122,-0.0901119284433861,20,POR
Isaiah Collier,529,492,539.7276,Utah Jazz,-47.72760009765625,1.020279017197838,-0.0902223064227906,71,UTA
Jeremiah Robinson-Earl,299,309,336.00317,New Orleans Pelicans,-27.003173828125,1.123756434207776,-0.0903116181542642,66,NOP
Baylor Scheierman,105,101,110.50955,Boston Celtics,-9.509552001953123,1.052471923828125,-0.0905671619233631,31,BOS
Russell Westbrook,795,795,867.80414,Denver Nuggets,-72.80413818359375,1.0915775323064072,-0.0915775323064072,75,DEN
Trey Jemison III,70,76,82.462494,New Orleans Pelicans,-6.462493896484375,1.178035627092634,-0.0923213413783482,38,LAL
Day'Ron Sharpe,298,319,346.61707,Brooklyn Nets,-27.6170654296875,1.1631445148647233,-0.092674716207005,50,BKN
Scottie Barnes,1010,958,1051.7097,Toronto Raptors,-93.709716796875,1.0412967493038363,-0.0927818978186881,65,TOR
Quenton Jackson,115,126,136.94052,Indiana Pacers,-10.940521240234377,1.1907871412194293,-0.0951349673063858,28,IND
Reed Sheppard,234,216,238.45982,Houston Rockets,-22.45982360839844,1.019059075249566,-0.0959821521726429,52,HOU
Mitchell Robinson,51,64,68.90175,New York Knicks,-4.9017486572265625,1.351014679553462,-0.0961127187691482,17,NYK
Drew Timme,97,94,103.43035,Brooklyn Nets,-9.43035125732422,1.0662922810033424,-0.0972201160548888,9,BKN
Jett Howard,251,241,266.1168,Orlando Magic,-25.116790771484375,1.0602262580537225,-0.1000668955039218,60,ORL
Jared Rhoden,77,85,92.73272,Toronto Raptors,-7.732719421386719,1.2043210314465809,-0.1004249275504768,14,TOR
Jordan Hawkins,530,498,552.433,New Orleans Pelicans,-54.4329833984375,1.042326383770637,-0.1027037422612028,56,NOP
Gradey Dick,592,584,645.7388,Toronto Raptors,-61.73876953125,1.0907749485325169,-0.1042884620460304,54,TOR
Anthony Black,579,540,600.3952,Orlando Magic,-60.39520263671875,1.0369519907369926,-0.1043095036903605,78,ORL
Josh Okogie,196,194,214.63739,Phoenix Suns,-20.63739013671875,1.0950887251873405,-0.1052928068199936,40,CHA
Rudy Gobert,493,654,707.10974,Minnesota Timberwolves,-53.1097412109375,1.4342996779126522,-0.1077276697990618,72,MIN
Terry Rozier,583,549,611.8305,Miami Heat,-62.83050537109375,1.0494519817686,-0.1077710212197148,64,MIA
KJ Martin,182,211,230.6843,Utah Jazz,-19.684295654296875,1.2674961299686642,-0.1081554706280048,43,UTA
Kobe Bufkin,40,38,42.349243,Atlanta Hawks,-4.3492431640625,1.0587310791015625,-0.1087310791015625,10,ATL
Mo Bamba,104,109,120.33945,New Orleans Pelicans,-11.339447021484377,1.157110067514273,-0.1090331444373497,32,NOP
Lester Quinones,74,68,76.23609,Philadelphia 76ers,-8.236091613769531,1.0302174542401288,-0.1112985353212098,13,NOP
Colin Castleton,95,94,104.595985,Toronto Raptors,-10.595985412597656,1.1010103727641858,-0.1115366885536595,26,TOR
Marvin Bagley III,96,103,113.9296,Washington Wizards,-10.929603576660156,1.1867667039235432,-0.1138500372568766,31,MEM
Moussa Diabaté,276,328,359.581,Charlotte Hornets,-31.58099365234375,1.302829687146173,-0.1144238900447237,71,CHA
Ousmane Dieng,116,118,131.54286,Oklahoma City Thunder,-13.542861938476562,1.133990189124798,-0.1167488098144531,37,OKC
Jamal Cain,143,137,154.34137,New Orleans Pelicans,-17.34136962890625,1.0793102771252183,-0.1212683190832605,37,NOP
Matt Ryan,28,26,29.400467,New York Knicks,-3.4004669189453125,1.0500166756766185,-0.1214452471051897,19,NYK
Ja'Kobe Walter,350,337,380.26187,Toronto Raptors,-43.261871337890625,1.0864624895368304,-0.1236053466796875,52,TOR
Isaiah Jackson,22,26,28.752224,Indiana Pacers,-2.7522239685058594,1.306919271295721,-0.125101089477539,5,IND
Vince Williams Jr.,160,150,170.16371,Memphis Grizzlies,-20.16371154785156,1.0635231971740722,-0.1260231971740722,27,MEM
Charles Bassey,115,132,146.52101,San Antonio Spurs,-14.521011352539062,1.274095750891644,-0.1262696639351223,36,SAS
Tristan da Silva,459,447,505.3303,Orlando Magic,-58.330291748046875,1.1009374547887731,-0.1270812456384463,74,ORL
Trayce Jackson-Davis,290,332,368.99603,Golden State Warriors,-36.99603271484375,1.272400112809806,-0.1275725266029095,62,GSW
A.J. Lawson,170,175,196.81998,Toronto Raptors,-21.819976806640625,1.1577645694508272,-0.1283528047449448,26,TOR
DeAndre Jordan,136,174,191.47273,Denver Nuggets,-17.472732543945312,1.4078877392937157,-0.1284759745878332,56,DEN
Kyshawn George,505,472,537.1041,Washington Wizards,-65.1041259765625,1.0635725266862623,-0.1289190613397277,68,WAS
Malcolm Brogdon,231,210,239.98875,Washington Wizards,-29.988754272460938,1.0389123561578395,-0.1298214470669304,24,WAS
Dejounte Murray,477,427,488.9276,New Orleans Pelicans,-61.9276123046875,1.0250054765297432,-0.1298272794647536,31,NOP
Wendell Moore Jr.,118,116,131.40012,Detroit Pistons,-15.400115966796877,1.113560304803363,-0.1305094573457362,36,CHA
Jordan Miller,125,114,130.3579,LA Clippers,-16.357894897460938,1.0428631591796875,-0.1308631591796875,37,LAC
Ausar Thompson,423,461,516.90186,Detroit Pistons,-55.90185546875,1.2219902020537825,-0.1321556866873522,59,DET
Julian Phillips,245,262,294.5767,Chicago Bulls,-32.576690673828125,1.2023538394850128,-0.1329660843829719,79,CHI
Dalano Banton,480,435,499.00208,Portland Trail Blazers,-64.0020751953125,1.0395876566569011,-0.133337656656901,67,POR
Adama Sanogo,7,8,8.935011,Chicago Bulls,-0.9350109100341796,1.2764301300048828,-0.1335729871477399,4,CHI
Herbert Jones,158,150,171.22928,New Orleans Pelicans,-21.229278564453125,1.0837296111674248,-0.1343625225598299,20,NOP
Jaden Springer,86,77,88.61461,Utah Jazz,-11.614608764648438,1.030402427495912,-0.1350535902866097,43,UTA
Alex Len,61,64,72.30368,Sacramento Kings,-8.303680419921875,1.1853062363921618,-0.1361259085233094,46,LAL
Noah Clowney,355,348,396.81326,Brooklyn Nets,-48.813262939453125,1.117783839266065,-0.13750214912522,46,BKN
Isaac Okoro,245,268,301.9409,Cleveland Cavaliers,-33.940887451171875,1.2324117855149872,-0.138534234494579,55,CLE
Matas Buzelis,498,519,589.3079,Chicago Bulls,-70.30792236328125,1.1833492416933358,-0.1411805669945406,80,CHI
Vlatko Čančar,25,24,27.559692,Denver Nuggets,-3.5596923828125,1.1023876953125,-0.1423876953125,13,DEN
RayJ Dennis,32,28,32.56952,Indiana Pacers,-4.56951904296875,1.0177974700927734,-0.1427974700927734,11,IND
Maxi Kleber,92,87,100.19352,Dallas Mavericks,-13.193519592285156,1.089059995568317,-0.1434078216552734,34,LAL
DaQuan Jeffries,271,270,308.8778,Charlotte Hornets,-38.8778076171875,1.1397705078125,-0.143460544712869,47,CHA
Jeremy Sochan,441,489,552.5992,San Antonio Spurs,-63.59918212890625,1.2530593699068169,-0.1442158324918509,54,SAS
Andre Drummond,215,223,254.09798,Philadelphia 76ers,-31.097976684570312,1.1818510543468386,-0.1446417520212572,40,PHI
Jae Crowder,21,18,21.06503,Sacramento Kings,-3.06502914428711,1.0030966259184335,-0.1459537687755766,9,SAC
Taj Gibson,92,93,106.44472,Charlotte Hornets,-13.444717407226562,1.1570077979046365,-0.1461382326872452,37,CHA
Christian Koloko,62,76,85.124565,Los Angeles Lakers,-9.12456512451172,1.3729768568469631,-0.1471704052340599,37,LAL
Stephon Castle,960,904,1045.3501,San Antonio Spurs,-141.35009765625,1.0889063517252604,-0.1472396850585937,81,SAS
Bruce Brown,288,267,309.97488,Toronto Raptors,-42.974884033203125,1.076301680670844,-0.1492183473375108,41,NOP
Cody Martin,313,302,348.929,Phoenix Suns,-46.928985595703125,1.114789091360074,-0.149932861328125,53,PHX
Cole Swider,56,50,58.410717,Toronto Raptors,-8.410717010498047,1.043048518044608,-0.1501913751874651,10,TOR
Micah Potter,124,125,143.65794,Utah Jazz,-18.657943725585938,1.1585318042385964,-0.150467288109564,38,UTA
Pat Spencer,98,82,96.839424,Golden State Warriors,-14.83942413330078,0.988157389115314,-0.151422695237763,39,GSW
Dalen Terry,240,236,272.58347,Chicago Bulls,-36.583465576171875,1.135764439900716,-0.1524311065673828,73,CHI
Jerami Grant,550,506,590.1707,Portland Trail Blazers,-84.17071533203125,1.0730376642400568,-0.1530376642400568,47,POR
Kevin Love,111,103,120.08701,Miami Heat,-17.087013244628906,1.081864984185846,-0.153937056257918,23,MIA
Javonte Green,263,267,307.67932,New Orleans Pelicans,-40.6793212890625,1.169883350908983,-0.1546742254336977,68,CLE
Vasilije Micić,269,229,270.6858,Charlotte Hornets,-41.685791015625,1.0062668810989777,-0.154965765857342,41,PHX
Kobe Brown,69,67,77.733315,LA Clippers,-10.733314514160156,1.1265697755675386,-0.1555552828139153,40,LAC
Hunter Tyson,113,105,122.63573,Denver Nuggets,-17.635726928710938,1.0852719197231055,-0.1560683799000967,51,DEN
Pelle Larsson,186,186,215.15067,Miami Heat,-29.150665283203125,1.1567240068989415,-0.1567240068989415,55,MIA
Keon Johnson,726,668,784.4281,Brooklyn Nets,-116.4281005859375,1.0804794773910984,-0.1603692845536329,79,BKN
Sidy Cissoko,30,29,33.83393,San Antonio Spurs,-4.833930969238281,1.1277976989746097,-0.1611310323079427,22,POR
Wendell Carter Jr.,459,460,534.19324,Orlando Magic,-74.1932373046875,1.1638196891169663,-0.1616410398794934,68,ORL
Peyton Watson,398,411,475.5063,Denver Nuggets,-64.50628662109375,1.1947394136208385,-0.162076097037924,68,DEN
Devin Carter,121,108,127.64887,Sacramento Kings,-19.64887237548828,1.0549493584751095,-0.1623873750040353,36,SAC
Rayan Rupert,131,120,141.50526,Portland Trail Blazers,-21.50526428222656,1.0801928571162334,-0.1641623227650882,52,POR
Bruno Fernando,47,48,55.869625,Toronto Raptors,-7.869625091552734,1.1887154274798457,-0.1674388317351645,17,TOR
Alex Sarr,800,729,865.82117,Washington Wizards,-136.8211669921875,1.0822764587402345,-0.1710264587402343,67,WAS
Donovan Clingan,312,341,394.6617,Portland Trail Blazers,-53.661712646484375,1.26494138668745,-0.1719926687387319,67,POR
Talen Horton-Tucker,271,262,308.66782,Chicago Bulls,-46.667816162109375,1.1389956315944996,-0.1722059636978205,58,CHI
Yves Missi,460,506,585.2221,New Orleans Pelicans,-79.22210693359375,1.2722219715947691,-0.172221971594769,73,NOP
Bilal Coulibaly,595,556,660.0476,Washington Wizards,-104.047607421875,1.109323709952731,-0.174869928440126,59,WAS
Clint Capela,365,402,466.41132,Atlanta Hawks,-64.41131591796875,1.277839221693065,-0.1764693586793664,55,ATL
Orlando Robinson,251,234,280.19824,Toronto Raptors,-46.1982421875,1.11632765811753,-0.1840567417828685,44,TOR
Jaylen Nowell,70,55,67.90889,New Orleans Pelicans,-12.908889770507812,0.97012699672154,-0.1844127110072544,8,NOP
Trevelin Queen,140,125,151.17953,Orlando Magic,-26.179534912109375,1.0798538208007813,-0.1869966779436384,31,ORL
Johnny Davis,72,66,79.53315,Washington Wizards,-13.53314971923828,1.104627079433865,-0.1879604127671983,34,WAS
Blake Wesley,173,168,200.67897,San Antonio Spurs,-32.67897033691406,1.1599940481902546,-0.1888957822943009,58,SAS
Yuri Collins,3,2,2.580771,Golden State Warriors,-0.5807709693908691,0.8602569897969564,-0.1935903231302897,2,GSW
Tyler Kolek,78,66,81.640526,New York Knicks,-15.640525817871094,1.0466734079214244,-0.2005195617675781,41,NYK
Dario Šarić,57,49,60.444145,Denver Nuggets,-11.44414520263672,1.060423600046258,-0.2007744772392407,16,DEN
Malachi Flynn,13,11,13.656338,Charlotte Hornets,-2.65633773803711,1.0504875183105469,-0.2043336721567007,4,CHA
JD Davison,34,28,35.083706,Boston Celtics,-7.083705902099609,1.0318737030029297,-0.2083442912382238,16,BOS
Dillon Jones,120,107,132.16043,Oklahoma City Thunder,-25.160430908203125,1.101336924235026,-0.2096702575683593,54,OKC
Damion Lee,66,51,64.90306,Phoenix Suns,-13.903060913085938,0.9833797108043324,-0.2106524380770596,25,PHX
Jalen Bridges,7,6,7.480211,Phoenix Suns,-1.480210781097412,1.0686015401567732,-0.211458683013916,8,PHX
Enrique Freeman,30,31,37.36519,Indiana Pacers,-6.3651885986328125,1.2455062866210938,-0.2121729532877604,22,IND
GG Jackson,189,167,208.34357,Memphis Grizzlies,-41.34356689453125,1.1023469147858795,-0.218749031187996,29,MEM
Johnny Furphy,87,81,100.08023,Indiana Pacers,-19.080230712890625,1.150347479458513,-0.2193129966998922,50,IND
Tyson Etienne,48,42,52.647247,Brooklyn Nets,-10.647247314453123,1.0968176523844402,-0.2218176523844401,7,BKN
Alex Ducas,24,19,24.392334,Oklahoma City Thunder,-5.392333984375,1.0163472493489585,-0.2246805826822916,21,OKC
Ricky Council IV,439,374,472.90045,Philadelphia 76ers,-98.90045166015624,1.0772219855584424,-0.2252857668796269,73,PHI
Pacôme Dadiet,31,26,33.055958,New York Knicks,-7.055957794189453,1.0663212191674016,-0.2276115417480468,18,NYK
AJ Johnson,201,173,219.34114,Washington Wizards,-46.34114074707031,1.091249456453086,-0.2305529390401508,29,WAS
KJ Simpson,296,231,300.2158,Charlotte Hornets,-69.21578979492188,1.0142425330909524,-0.2338371276855468,36,CHA
Jericho Sims,64,78,93.03594,New York Knicks,-15.03594207763672,1.4536865949630735,-0.2349365949630737,53,MIL
Cam Reddish,89,81,102.14736,Los Angeles Lakers,-21.147361755371097,1.1477231657906863,-0.2376108062401246,33,LAL
Jonathan Isaac,286,270,339.78976,Orlando Magic,-69.78976440429688,1.188076099315723,-0.2440201552597792,71,ORL
Tidjane Salaün,332,272,354.14706,Charlotte Hornets,-82.14706420898438,1.0667080247258565,-0.2474309162921216,60,CHA
Jordan Walsh,82,72,92.333275,Boston Celtics,-20.333274841308594,1.1260155468452266,-0.2479667663574218,52,BOS
Jacob Toppin,19,17,21.745054,New York Knicks,-4.745054244995117,1.1444765392102694,-0.2497396971050061,17,ATL
Markieff Morris,67,51,67.75568,Los Angeles Lakers,-16.75567626953125,1.0112787502915113,-0.2500847204407649,15,LAL
Precious Achiuwa,296,286,360.41385,New York Knicks,-74.41384887695312,1.2176143543140308,-0.2513981380978146,57,NYK
Cody Williams,213,163,216.72554,Utah Jazz,-53.72554016113281,1.0174907988785578,-0.2522325829161165,50,UTA
Elfrid Payton,120,81,111.621605,New Orleans Pelicans,-30.621604919433594,0.93018004099528,-0.2551800409952799,24,NOP
Kris Murray,258,229,295.3802,Portland Trail Blazers,-66.38018798828125,1.1448844495669817,-0.2572875503421754,69,POR
Tristan Thompson,69,58,75.79292,Cleveland Cavaliers,-17.792922973632812,1.0984481590381567,-0.2578684488932292,40,CLE
Jarred Vanderbilt,117,121,151.39241,Los Angeles Lakers,-30.392410278320312,1.2939522246010282,-0.2597641904129941,36,LAL
Mouhamed Gueye,147,143,181.30981,Atlanta Hawks,-38.309814453125,1.2334000983205782,-0.2606109826743197,33,ATL
Bronny James,66,48,65.547455,Los Angeles Lakers,-17.547454833984375,0.9931432550603692,-0.265870527787642,27,LAL
Damion Baugh,126,96,130.13834,Charlotte Hornets,-34.138336181640625,1.032843937949529,-0.2709391760447668,15,CHA
Delon Wright,119,97,129.53722,New York Knicks,-32.53721618652344,1.0885480351808692,-0.2734219847607012,40,NYK
Trey Alexander,41,29,40.372334,Denver Nuggets,-11.372333526611328,0.9846910616246666,-0.2773739884539348,24,DEN
Josh Richardson,37,28,38.522976,Miami Heat,-10.52297592163086,1.041161511395429,-0.2844047546386719,8,MIA
Joe Ingles,22,15,21.524784,Minnesota Timberwolves,-6.524784088134766,0.9783992767333984,-0.2965810949152166,19,MIN
Justin Minaya,20,15,20.989735,Portland Trail Blazers,-5.989734649658203,1.0494867324829102,-0.2994867324829101,19,POR
TyTy Washington Jr.,43,29,41.897102,Phoenix Suns,-12.897102355957031,0.974351217580396,-0.2999326129292333,16,PHX
Olivier-Maxence Prosper,161,133,181.4007,Dallas Mavericks,-48.40069580078125,1.1267123962781445,-0.3006254397564052,52,DAL
Anton Watson,9,8,10.740236,New York Knicks,-2.740236282348633,1.193359586927626,-0.304470698038737,9,NYK
Jonathan Mogbo,324,292,390.81073,Toronto Raptors,-98.81072998046876,1.2062059567298418,-0.3049713888286072,63,TOR
Trentyn Flowers,11,8,11.564716,LA Clippers,-3.564716339111328,1.0513378490101208,-0.3240651217373935,6,LAC
Spencer Jones,31,23,33.064896,Denver Nuggets,-10.064895629882812,1.0666095364478327,-0.3246740525768649,20,DEN
Leonard Miller,15,12,16.97786,Minnesota Timberwolves,-4.9778594970703125,1.1318572998046874,-0.3318572998046875,13,MIN
Reece Beekman,101,70,103.905846,Golden State Warriors,-33.905845642089844,1.0287707489315827,-0.3357014420008895,36,BKN
Miles Norris,9,6,9.054997,Boston Celtics,-3.054997444152832,1.0061108271280923,-0.3394441604614258,3,BOS
Ulrich Chomche,5,4,5.7728314,Toronto Raptors,-1.7728314399719238,1.1545662879943848,-0.3545662879943848,7,TOR
Nae'Qwan Tomlin,31,26,36.993256,Cleveland Cavaliers,-10.993255615234377,1.193330826297883,-0.3546211488785282,5,CLE
Kevin McCullar Jr.,7,4,6.5433774,New York Knicks,-2.54337739944458,0.9347681999206544,-0.3633396284920828,4,NYK
Adam Flagler,93,62,96.6593,Oklahoma City Thunder,-34.6593017578125,1.0393473307291667,-0.3726806640625,37,OKC
Isaiah Mobley,5,3,4.9122214,Philadelphia 76ers,-1.9122214317321775,0.9824442863464355,-0.3824442863464355,1,PHI
Josh Christopher,29,22,33.405663,Miami Heat,-11.405662536621094,1.1519193978145206,-0.3932987081593481,14,MIA
Daniss Jenkins,10,7,11.392861,Detroit Pistons,-4.392861366271973,1.1392861366271974,-0.4392861366271973,7,DET
Emanuel Miller,8,8,11.522888,Chicago Bulls,-3.52288818359375,1.4403610229492188,-0.4403610229492187,6,CHI
Jack McVeigh,13,8,13.741775,Houston Rockets,-5.741774559020996,1.0570595814631536,-0.4416749660785382,9,HOU
Bryce McGowens,12,6,11.341848,Portland Trail Blazers,-5.341848373413086,0.9451540311177572,-0.4451540311177571,13,POR
Garrett Temple,53,33,56.786674,Toronto Raptors,-23.78667449951172,1.0714466886700325,-0.4488051792360701,28,TOR
Tazé Moore,9,5,9.068882,Portland Trail Blazers,-4.068881988525391,1.0076535542805989,-0.4520979987250434,2,POR
Marcus Bagley,60,47,74.2032,Philadelphia 76ers,-27.203201293945312,1.2367200215657552,-0.4533866882324219,10,PHI
Taylor Hendricks,17,11,18.725372,Utah Jazz,-7.725372314453125,1.101492489085478,-0.4544336655560662,3,UTA
Elijah Harkless,27,16,28.51589,Utah Jazz,-12.51589012145996,1.056144078572591,-0.4635514859799985,10,UTA
Cam Christie,23,16,27.376251,LA Clippers,-11.376251220703123,1.1902717922044836,-0.4946196182914402,13,LAC
Quincy Olivari,5,3,5.498108,Los Angeles Lakers,-2.49810791015625,1.09962158203125,-0.49962158203125,2,LAL
Xavier Tillman,51,28,53.762024,Boston Celtics,-25.76202392578125,1.0541573318780637,-0.5051377240349265,33,BOS
Stanley Umude,25,13,25.958393,Milwaukee Bucks,-12.958393096923828,1.038335723876953,-0.5183357238769531,22,MIL
Chris Livingston,24,14,27.964823,Milwaukee Bucks,-13.96482276916504,1.16520094871521,-0.5818676153818766,21,MIL
James Johnson,9,4,9.275797,Indiana Pacers,-5.275796890258789,1.0306440989176433,-0.5861996544731988,12,IND
Ron Harper Jr.,6,2,5.6674576,Detroit Pistons,-3.6674575805664062,0.9445762634277344,-0.611242930094401,1,DET
Terry Taylor,1,0,0.66111654,Sacramento Kings,-0.6611165404319763,0.6611165404319763,-0.6611165404319763,3,SAC
Armel Traoré,15,8,18.340208,Los Angeles Lakers,-10.340208053588867,1.2226805369059244,-0.6893472035725912,9,LAL
Tristen Newton,8,2,7.8900604,Minnesota Timberwolves,-5.8900604248046875,0.986257553100586,-0.7362575531005859,8,MIN
D.J. Carton,6,2,6.5025687,Toronto Raptors,-4.50256872177124,1.08376145362854,-0.7504281202952067,4,TOR
Liam Robbins,8,4,10.5566635,Milwaukee Bucks,-6.556663513183594,1.3195829391479492,-0.8195829391479492,13,MIL
Malevy Leons,2,0,1.6877803,Oklahoma City Thunder,-1.687780261039734,0.8438901305198669,-0.8438901305198669,6,OKC
Luke Travers,20,10,26.925419,Cleveland Cavaliers,-16.925418853759766,1.3462709426879882,-0.8462709426879883,12,CLE
Braxton Key,4,0,3.4244685,Golden State Warriors,-3.424468517303467,0.8561171293258667,-0.8561171293258667,3,GSW
Cui Yongxi,7,2,7.9986343,Brooklyn Nets,-5.998634338378906,1.1426620483398438,-0.856947762625558,5,BKN
Zyon Pullin,1,0,0.88617444,Memphis Grizzlies,-0.8861744403839111,0.8861744403839111,-0.8861744403839111,3,MEM
Isaiah Stevens,2,0,1.7779344,Miami Heat,-1.777934432029724,0.8889672160148621,-0.8889672160148621,3,MIA
Phillip Wheeler,20,4,22.04116,Philadelphia 76ers,-18.041160583496097,1.1020580291748048,-0.9020580291748048,5,PHI
Terence Davis,2,0,1.9773644,Sacramento Kings,-1.977364420890808,0.988682210445404,-0.988682210445404,1,SAC
Mac McClung,2,0,1.9927151,Orlando Magic,-1.992715120315552,0.996357560157776,-0.996357560157776,2,ORL
Riley Minix,1,0,1.0121479,San Antonio Spurs,-1.0121479034423828,1.0121479034423828,-1.0121479034423828,1,SAS
Daishen Nix,1,0,1.0875344,Minnesota Timberwolves,-1.0875344276428225,1.0875344276428225,-1.0875344276428225,3,MIN
